pais,LEGITIMIDAD,MAGNITUD,ELECTORES,DURACION
Albania,0.18741943941241637,0.07142469090657541,0.7725983423075334,0.5
Andorra,0.5826601205566282,0.03871234133773149,0.9988145939462199,0.5
Argentina,0.31282001830235895,0.06727948935855134,6.748073211326755e-10,0.5
Australia,0.4022350779893763,0.03629748079383482,0.9913013892345282,0.8133945031366292
Austria,0.8439800554691873,0.03831585445191002,0.30631254853999124,0.050000000000000155
Bangladesh,0.9995875357602737,0.03629748079383482,0.5140265704598526,0.050000000000000155
Armenia,0.3386780854179897,0.04691538414313238,0.4046341857764769,0.050000000000000155
Bolivia,0.20081480976790655,0.03629748079383482,0.966242321059149,0.050000000000000155
Bosnia Herzegovina,0.267672661058733,0.04766914036881286,0.0018278459554742499,0.5
Brazil,0.26245830218779603,0.11160098581830773,0.0,0.5
Bulgaria,0.2552690199453956,0.05582974033636691,0.9281111576074633,0.5
Myanmar,0.9996740705461041,0.04062392590871963,0.9917243413348352,0.050000000000000155
Belarus,0.8870651459672333,0.03629748079383482,0.996467782714136,0.5
Canada,0.8612310102953815,0.03629748079383482,0.9953391443863415,0.5
Chile,0.32679299696037517,0.04855790845175894,0.040680994242979884,0.5
Taiwan ROC,0.4413820109527674,0.03629748079383482,0.8784757109455072,0.5
Colombia,0.17013885083600283,0.04700523307960676,3.599915016083699e-07,0.5
Croatia,0.18418002047550278,0.08248242933000675,0.9258350859503448,0.5
Cyprus,0.3818230911745277,0.06171084500432423,0.9938995336917393,0.050000000000000155
Czechia,0.3327089321545237,0.08396304794712221,0.0076024530924371225,0.5
Denmark,0.9018670595919911,0.08197740491145827,0.4599483847319138,0.5
Ecuador,0.32915289498511097,0.04328596550081183,0.035478724471240786,0.5
Estonia,0.44931618549646885,0.05827748495339532,0.9955867019308919,0.5
Finland,0.870351537138541,0.08974617149140784,0.5150807667899668,0.5
France,0.47459265658852,0.03629748079383482,0.994750709064692,0.050000000000000155
Georgia,0.4308501707746279,0.03629748079383482,0.9933478127197551,0.5
Germany,0.6910031545426337,0.03629748079383482,0.3061832628603196,0.5
Greece,0.24721276168111378,0.04733608062539574,0.587068662316933,0.5
Guatemala,0.1974001064143811,0.04865074246036359,0.004106117511317509,0.5
Hungary,0.49732326286358924,0.03629748079383482,0.9955088331731787,0.5
Iceland,0.5586179890472327,0.060444473104137295,0.9976647992776426,0.5
India,0.9983721678734164,0.03629748079383482,4.596989455762923e-12,0.050000000000000155
Indonesia,0.9569535762304354,0.053921039487503784,0.0,0.050000000000000155
Iraq,0.2213048497500639,0.10684871545318989,2.400238896527185e-09,0.5
Italy,0.40094854195287233,0.03629748079383482,0.23291069034820244,0.050000000000000155
Japan,0.44799191902642055,0.03629748079383482,0.41689126012049427,0.5
Kenya,0.5537726196512889,0.03629748079383482,0.9961000607874483,0.050000000000000155
South Korea,0.31744161997163206,0.03629748079383482,0.9735046775018076,0.5
Kyrgyzstan,0.5874255105573536,0.9999665537161735,0.0,0.050000000000000155
Lebanon,0.24128371235357668,0.043480370086705605,0.877348000045641,0.5
Latvia,0.39070670018189274,0.1184101968496317,0.6879141139366234,0.5
Lithuania,0.3374800657987301,0.03629748079383482,0.9979237566253312,0.5
Malaysia,0.804290752573395,0.03629748079383482,0.996124841379032,0.050000000000000155
Maldives,0.24522559185051002,0.03629748079383482,0.9988992736372764,0.050000000000000155
Mexico,0.24921071757311125,0.03629748079383482,0.7392996004593442,0.8133945031366292
Mongolia,0.37929907861366674,0.03629748079383482,0.9983022826360941,0.5
Montenegro,0.4759277604754419,0.9896859478617369,0.02902607736702212,0.5
Netherlands,0.49464667915167737,0.9999995961390896,0.0,0.5
New Zealand,0.6825583800283679,0.03629748079383482,0.9974229855119973,0.8133945031366292
Nicaragua,0.2804520356051975,0.04435136484060485,0.9229111475770971,0.050000000000000155
Nigeria,0.47726320851916393,0.03629748079383482,0.908036280984952,0.5
Norway,0.9988783579113869,0.0563612290445865,0.9516780784691289,0.5
Pakistan,0.9499999999999998,0.03629748079383482,0.30315592897958676,0.050000000000000155
Peru,0.16639278606850494,0.04751747449861459,2.982148080832303e-05,0.050000000000000155
Philippines,0.998900136620279,0.03629748079383482,0.8690234343297214,0.8133945031366292
Poland,0.30142875369371747,0.06945305653411499,0.0004931705721639146,0.5
Portugal,0.47325791584994975,0.06619583928843695,0.058662188278433613,0.5
Romania,0.2552690199453956,0.05416050402662068,0.17790622276031587,0.5
Russia,0.6520691773997324,0.03629748079383482,0.06330011809042779,0.050000000000000155
Serbia,0.28807621216642765,0.9999999999998368,0.0,0.5
Slovakia,0.4361088864608962,0.9999995961390896,0.0,0.5
Slovenia,0.2552690199453956,0.06958291676996116,0.9350519238180459,0.5
Spain,0.45594793149809754,0.052372092462991945,0.0008264448944762526,0.5
Sweden,0.9961475069970042,0.06719555059266155,0.8577199976497555,0.5
Switzerland,0.9852366330644584,0.05565362772833576,0.9398416943152182,0.5
Thailand,0.9451266435754391,0.03629748079383482,0.9819537234449432,0.5
Tunisia,0.19570924742660498,0.05187615345802021,0.841801733185453,0.050000000000000155
Turkey,0.9914255886554899,0.055302969857173784,0.002852884732146621,0.050000000000000155
Ukraine,0.28807621216642765,0.03629748079383482,0.9805638229712834,0.050000000000000155
North Macedonia,0.45594793149809754,0.1184101968496317,0.9520190560742071,0.5
Great Britain,0.38943301510555295,0.03629748079383482,0.9956527035459676,0.050000000000000155
United States,0.2532388764125725,0.03629748079383482,0.01213275367987976,0.95
Uruguay,0.8333595441163144,0.0475477709495163,0.9833885795957438,0.050000000000000155
Venezuela,0.2552690199453956,0.036911030477317815,0.9222127739727476,0.050000000000000155
