pais,confianza_parlamento,magnitud_distrito,electores_por_distrito,duracion_mandato
Albania,7.6,11.67,287694.0,4
Andorra,36.7,2.0,6820.0,4
Argentina,20.3,10.71,1425753.0,4
Australia,27.6,1.0,108739.0,3
Austria,43.6,1.84,391642.0,5
Bangladesh,74.7,1.0,347141.0,5
Armenia,22.5,5.0,369674.0,5
Bolivia,9.2,1.0,179125.0,5
Bosnia Herzegovina,16.2,5.25,671086.0,4
Brazil,15.7,19.0,5435205.0,4
Bulgaria,15.0,7.74,219685.0,4
Myanmar,75.9,2.75,106178.0,5
Belarus,45.5,1.0,62562.0,4
Canada,44.3,1.0,76745.0,4
Chile,21.5,5.54,511005.0,4
Taiwan ROC,30.6,1.0,249230.0,4
Colombia,5.4,5.03,1105858.0,4
Croatia,7.2,14.0,221398.0,4
Cyprus,26.0,9.33,90531.0,5
Czechia,22.0,14.29,598179.0,4
Denmark,46.3,13.9,358179.0,4
Ecuador,21.7,3.74,518251.0,4
Estonia,31.2,8.42,73952.0,4
Finland,44.7,15.38,346926.0,4
France,33.1,1.0,82832.0,5
Georgia,29.8,1.0,94970.0,4
Germany,39.1,1.0,391673.0,4
Greece,14.2,5.14,332075.0,4
Guatemala,8.8,5.57,629739.0,4
Hungary,34.8,1.0,74847.0,4
Iceland,36.2,9.0,41419.0,4
India,67.7,1.0,1679912.0,5
Indonesia,50.8,7.19,2409633.0,5
Iraq,11.5,18.27,1361111.0,4
Italy,27.5,1.0,410722.0,5
Japan,31.1,1.0,367094.0,4
Kenya,36.1,1.0,67626.0,5
South Korea,20.7,1.0,166403.0,4
Kyrgyzstan,36.8,120.0,2761297.0,5
Lebanon,13.6,3.81,249766.0,4
Latvia,26.7,20.0,309735.0,4
Lithuania,22.4,1.0,35418.0,4
Malaysia,42.2,1.0,67300.0,5
Maldives,14.0,1.0,3040.0,5
Mexico,14.4,1.0,296900.0,3
Mongolia,25.8,1.0,25145.0,4
Montenegro,33.2,81.0,528817.0,4
Netherlands,34.6,150.0,12950685.0,4
New Zealand,38.9,1.0,46451.0,3
Nicaragua,17.4,4.12,223529.0,5
Nigeria,33.3,1.0,233345.0,4
Norway,69.6,7.89,198171.0,4
Pakistan,50.0,1.0,392401.0,5
Peru,4.9,5.2,880844.0,5
Philippines,69.7,1.0,253597.0,3
Poland,19.3,11.22,737892.0,4
Portugal,33.0,10.45,491394.0,4
Romania,15.0,7.26,427974.0,4
Russia,38.2,1.0,487266.0,5
Serbia,18.1,250.0,6739441.0,4
Slovakia,30.2,150.0,4426760.0,4
Slovenia,15.0,11.25,214133.0,4
Spain,31.7,6.73,711574.0,4
Sweden,63.3,10.69,258481.0,4
Switzerland,56.4,7.69,209970.0,4
Thailand,49.5,1.0,146399.0,4
Tunisia,8.6,6.58,264838.0,5
Turkey,59.2,7.59,648354.0,5
Ukraine,18.1,1.0,150251.0,5
North Macedonia,31.7,20.0,197792.0,4
Great Britain,26.6,1.0,73181.0,5
United States,14.8,1.0,574133.0,2
Uruguay,43.2,5.21,142104.0,5
Venezuela,15.0,1.26,224027.0,5
